"User","Path","Kind","Status"
"qa_super_admin","/dashboard","page","200"
"qa_super_admin","/auth/me","api","200"
"qa_super_admin","/students","api","200"
"qa_super_admin","/students/page","page","200"
"qa_super_admin","/donors","api","200"
"qa_super_admin","/donations","api","200"
"qa_super_admin","/persons","api","200"
"qa_super_admin","/aid-requests","api","200"
"qa_super_admin","/care-provided","api","200"
"qa_super_admin","/loans","api","200"
"qa_super_admin","/loan-repayments","api","200"
"qa_super_admin","/revenue","api","200"
"qa_super_admin","/messages","api","200"
"qa_super_admin","/notifications","api","200"
"qa_super_admin","/users","api","200"
"qa_super_admin","/users/page","page","200"
"qa_super_admin","/audit-logs","api","200"
"qa_super_admin","/audit-logs/page","page","200"
"qa_super_admin","/reports/page","page","200"
"qa_super_admin","/api/reports/students","api","200"
"qa_super_admin","/api/reports/users","api","200"
"qa_super_admin","/files","api","200"
"qa_super_admin","/files/page","page","200"
"qa_super_admin","/api/v1/sync/pull","api","200"
"qa_admin","/dashboard","page","200"
"qa_admin","/auth/me","api","200"
"qa_admin","/students","api","200"
"qa_admin","/students/page","page","200"
"qa_admin","/donors","api","200"
"qa_admin","/donations","api","200"
"qa_admin","/persons","api","200"
"qa_admin","/aid-requests","api","200"
"qa_admin","/care-provided","api","200"
"qa_admin","/loans","api","200"
"qa_admin","/loan-repayments","api","200"
"qa_admin","/revenue","api","200"
"qa_admin","/messages","api","200"
"qa_admin","/notifications","api","200"
"qa_admin","/users","api","200"
"qa_admin","/users/page","page","200"
"qa_admin","/audit-logs","api","200"
"qa_admin","/audit-logs/page","page","200"
"qa_admin","/reports/page","page","200"
"qa_admin","/api/reports/students","api","200"
"qa_admin","/api/reports/users","api","200"
"qa_admin","/files","api","200"
"qa_admin","/files/page","page","200"
"qa_admin","/api/v1/sync/pull","api","200"
"qa_manager","/dashboard","page","200"
"qa_manager","/auth/me","api","200"
"qa_manager","/students","api","200"
"qa_manager","/students/page","page","200"
"qa_manager","/donors","api","200"
"qa_manager","/donations","api","200"
"qa_manager","/persons","api","200"
"qa_manager","/aid-requests","api","200"
"qa_manager","/care-provided","api","200"
"qa_manager","/loans","api","200"
"qa_manager","/loan-repayments","api","200"
"qa_manager","/revenue","api","403"
"qa_manager","/messages","api","200"
"qa_manager","/notifications","api","200"
"qa_manager","/users","api","403"
"qa_manager","/users/page","page","403"
"qa_manager","/audit-logs","api","403"
"qa_manager","/audit-logs/page","page","403"
"qa_manager","/reports/page","page","200"
"qa_manager","/api/reports/students","api","200"
"qa_manager","/api/reports/users","api","403"
"qa_manager","/files","api","200"
"qa_manager","/files/page","page","200"
"qa_manager","/api/v1/sync/pull","api","403"
"qa_staff","/dashboard","page","200"
"qa_staff","/auth/me","api","200"
"qa_staff","/students","api","200"
"qa_staff","/students/page","page","200"
"qa_staff","/donors","api","200"
"qa_staff","/donations","api","200"
"qa_staff","/persons","api","200"
"qa_staff","/aid-requests","api","200"
"qa_staff","/care-provided","api","200"
"qa_staff","/loans","api","200"
"qa_staff","/loan-repayments","api","200"
"qa_staff","/revenue","api","403"
"qa_staff","/messages","api","200"
"qa_staff","/notifications","api","200"
"qa_staff","/users","api","403"
"qa_staff","/users/page","page","403"
"qa_staff","/audit-logs","api","403"
"qa_staff","/audit-logs/page","page","403"
"qa_staff","/reports/page","page","200"
"qa_staff","/api/reports/students","api","200"
"qa_staff","/api/reports/users","api","403"
"qa_staff","/files","api","200"
"qa_staff","/files/page","page","200"
"qa_staff","/api/v1/sync/pull","api","200"
"qa_volunteer","/dashboard","page","200"
"qa_volunteer","/auth/me","api","200"
"qa_volunteer","/students","api","403"
"qa_volunteer","/students/page","page","403"
"qa_volunteer","/donors","api","403"
"qa_volunteer","/donations","api","403"
"qa_volunteer","/persons","api","403"
"qa_volunteer","/aid-requests","api","403"
"qa_volunteer","/care-provided","api","403"
"qa_volunteer","/loans","api","403"
"qa_volunteer","/loan-repayments","api","403"
"qa_volunteer","/revenue","api","403"
"qa_volunteer","/messages","api","200"
"qa_volunteer","/notifications","api","200"
"qa_volunteer","/users","api","403"
"qa_volunteer","/users/page","page","403"
"qa_volunteer","/audit-logs","api","403"
"qa_volunteer","/audit-logs/page","page","403"
"qa_volunteer","/reports/page","page","403"
"qa_volunteer","/api/reports/students","api","403"
"qa_volunteer","/api/reports/users","api","403"
"qa_volunteer","/files","api","403"
"qa_volunteer","/files/page","page","403"
"qa_volunteer","/api/v1/sync/pull","api","403"
"qa_donor","/dashboard","page","200"
"qa_donor","/auth/me","api","200"
"qa_donor","/students","api","403"
"qa_donor","/students/page","page","403"
"qa_donor","/donors","api","403"
"qa_donor","/donations","api","403"
"qa_donor","/persons","api","403"
"qa_donor","/aid-requests","api","403"
"qa_donor","/care-provided","api","403"
"qa_donor","/loans","api","403"
"qa_donor","/loan-repayments","api","403"
"qa_donor","/revenue","api","403"
"qa_donor","/messages","api","200"
"qa_donor","/notifications","api","200"
"qa_donor","/users","api","403"
"qa_donor","/users/page","page","403"
"qa_donor","/audit-logs","api","403"
"qa_donor","/audit-logs/page","page","403"
"qa_donor","/reports/page","page","403"
"qa_donor","/api/reports/students","api","403"
"qa_donor","/api/reports/users","api","403"
"qa_donor","/files","api","403"
"qa_donor","/files/page","page","403"
"qa_donor","/api/v1/sync/pull","api","403"
"qa_beneficiary","/dashboard","page","200"
"qa_beneficiary","/auth/me","api","200"
"qa_beneficiary","/students","api","403"
"qa_beneficiary","/students/page","page","403"
"qa_beneficiary","/donors","api","403"
"qa_beneficiary","/donations","api","403"
"qa_beneficiary","/persons","api","403"
"qa_beneficiary","/aid-requests","api","403"
"qa_beneficiary","/care-provided","api","403"
"qa_beneficiary","/loans","api","403"
"qa_beneficiary","/loan-repayments","api","403"
"qa_beneficiary","/revenue","api","403"
"qa_beneficiary","/messages","api","200"
"qa_beneficiary","/notifications","api","200"
"qa_beneficiary","/users","api","403"
"qa_beneficiary","/users/page","page","403"
"qa_beneficiary","/audit-logs","api","403"
"qa_beneficiary","/audit-logs/page","page","403"
"qa_beneficiary","/reports/page","page","403"
"qa_beneficiary","/api/reports/students","api","403"
"qa_beneficiary","/api/reports/users","api","403"
"qa_beneficiary","/files","api","403"
"qa_beneficiary","/files/page","page","403"
"qa_beneficiary","/api/v1/sync/pull","api","403"
"qa_student","/dashboard","page","200"
"qa_student","/auth/me","api","200"
"qa_student","/students","api","403"
"qa_student","/students/page","page","403"
"qa_student","/donors","api","403"
"qa_student","/donations","api","403"
"qa_student","/persons","api","403"
"qa_student","/aid-requests","api","403"
"qa_student","/care-provided","api","403"
"qa_student","/loans","api","403"
"qa_student","/loan-repayments","api","403"
"qa_student","/revenue","api","403"
"qa_student","/messages","api","200"
"qa_student","/notifications","api","200"
"qa_student","/users","api","403"
"qa_student","/users/page","page","403"
"qa_student","/audit-logs","api","403"
"qa_student","/audit-logs/page","page","403"
"qa_student","/reports/page","page","403"
"qa_student","/api/reports/students","api","403"
"qa_student","/api/reports/users","api","403"
"qa_student","/files","api","403"
"qa_student","/files/page","page","403"
"qa_student","/api/v1/sync/pull","api","403"
