"Module","ID","Title","Expected","Actual","Status","Remarks"
"Auth-Login","AUTH-001","Login page loads correctly","Login form with username/email and password fields is displayed","GET /login returned 200 OK with a rendered login form (username/email + password fields).","Pass","Verified on local dev instance (localhost:8081), NOT the staging/production environment. Re-verify once target env is confirmed."
"Auth-Login","AUTH-002","Login with valid credentials","User is authenticated and redirected to /dashboard","","Blocked","Blocked — requires per-role test account(s) on the confirmed target environment (local dev instance is not an agreed staging/live URL); not yet executed. Related logic has automated repo test coverage (internal/handlers/auth_handler_test.go, internal/routes/auth_flow_blackbox_test.go, internal/services/user_service_test.go); the full automated suite ran 626 passed / 0 failed / 63 skipped on 2026-09-23. That covers code-level logic, not this exact manual/UI scenario."
"Auth-Login","AUTH-003","Login with invalid password","Login rejected with a generic invalid-credentials error; no account/role details leaked","Valid username + wrong password -> 200 + re-rendered login page with generic message 'Invalid username/email or password.' No account/role details leaked.","Pass","Local dev instance only. Matches internal/handlers/auth_handler.go:137."
"Auth-Login","AUTH-004","Login with non-existent username","Login rejected with generic error message","Non-existent username -> same generic 'Invalid username/email or password.' message; no user-enumeration signal detected.","Pass","Local dev instance only."
"Auth-Login","AUTH-005","Login rate limiting","Requests beyond the limit are throttled/blocked (HTTP 429 or lockout message)","Repeated failed logins -> HTTP 429 after ~5 attempts within the window. JSON body {""success"":false,""message"":""Too many requests. Please try again later.""} + Retry-After: 60. Limit is 5/15min/IP per internal/middleware/rate_limit.go:87,93.","Pass","Local dev instance only. Earlier status=0 reading was a client script artifact (session not persisting across shells); clean re-run confirmed 429."
"Auth-Login","AUTH-006","Login with empty fields","Client/server-side validation error shown; request not processed","","Blocked","Blocked — requires per-role test account(s) on the confirmed target environment (local dev instance is not an agreed staging/live URL); not yet executed. Related logic has automated repo test coverage (internal/handlers/auth_handler_test.go, internal/routes/auth_flow_blackbox_test.go, internal/services/user_service_test.go); the full automated suite ran 626 passed / 0 failed / 63 skipped on 2026-09-23. That covers code-level logic, not this exact manual/UI scenario."
"Auth-Login","AUTH-007","Forgot password - request OTP","OTP/reset email is triggered and generic confirmation message is shown","","Blocked","Blocked — SMTP is not configured in the checked environment (SMTP_HOST empty in .env.example; actual .env not inspected), so OTP/reset-email delivery could not be verified."
"Auth-Login","AUTH-008","Forgot password - unregistered email","Generic confirmation shown without revealing whether the email exists (no enumeration)","","Blocked","Blocked — SMTP is not configured in the checked environment (SMTP_HOST empty in .env.example; actual .env not inspected), so OTP/reset-email delivery could not be verified."
"Auth-Login","AUTH-009","Verify reset OTP - valid code","OTP accepted; user proceeds to reset-password step","","Blocked","Blocked — SMTP is not configured in the checked environment (SMTP_HOST empty in .env.example; actual .env not inspected), so OTP/reset-email delivery could not be verified."
"Auth-Login","AUTH-010","Verify reset OTP - invalid/expired code","OTP rejected with an appropriate error; user cannot proceed","","Blocked","Blocked — SMTP is not configured in the checked environment (SMTP_HOST empty in .env.example; actual .env not inspected), so OTP/reset-email delivery could not be verified."
"Auth-Login","AUTH-011","Reset password with valid session","Password updated; user can log in with new password","","Blocked","Blocked — SMTP is not configured in the checked environment (SMTP_HOST empty in .env.example; actual .env not inspected), so OTP/reset-email delivery could not be verified."
"Auth-Login","AUTH-012","Reset password - weak password rejected","Password policy validation error is shown; password not changed","","Blocked","Blocked — SMTP is not configured in the checked environment (SMTP_HOST empty in .env.example; actual .env not inspected), so OTP/reset-email delivery could not be verified."
"Auth-Login","AUTH-013","Rate limit on password reset endpoints","Requests are throttled after the configured limit","","Blocked","Blocked — requires per-role test account(s) on the confirmed target environment (local dev instance is not an agreed staging/live URL); not yet executed. Related logic has automated repo test coverage (internal/handlers/auth_handler_test.go, internal/routes/auth_flow_blackbox_test.go, internal/services/user_service_test.go); the full automated suite ran 626 passed / 0 failed / 63 skipped on 2026-09-23. That covers code-level logic, not this exact manual/UI scenario."
"Auth-Login","AUTH-014","Logout","Session/cookie invalidated; user redirected to /login; protected pages become inaccessible","","Blocked","Blocked — requires per-role test account(s) on the confirmed target environment (local dev instance is not an agreed staging/live URL); not yet executed. Related logic has automated repo test coverage (internal/handlers/auth_handler_test.go, internal/routes/auth_flow_blackbox_test.go, internal/services/user_service_test.go); the full automated suite ran 626 passed / 0 failed / 63 skipped on 2026-09-23. That covers code-level logic, not this exact manual/UI scenario."
"Auth-Login","AUTH-015","Session/current user info","Returns current username, email, role with HTTP 200","","Blocked","Blocked — requires per-role test account(s) on the confirmed target environment (local dev instance is not an agreed staging/live URL); not yet executed. Related logic has automated repo test coverage (internal/handlers/auth_handler_test.go, internal/routes/auth_flow_blackbox_test.go, internal/services/user_service_test.go); the full automated suite ran 626 passed / 0 failed / 63 skipped on 2026-09-23. That covers code-level logic, not this exact manual/UI scenario."
"Auth-Login","AUTH-016","Access /auth/me while logged out","HTTP 401 Unauthorized with generic message","","Blocked","Blocked — requires per-role test account(s) on the confirmed target environment (local dev instance is not an agreed staging/live URL); not yet executed. Related logic has automated repo test coverage (internal/handlers/auth_handler_test.go, internal/routes/auth_flow_blackbox_test.go, internal/services/user_service_test.go); the full automated suite ran 626 passed / 0 failed / 63 skipped on 2026-09-23. That covers code-level logic, not this exact manual/UI scenario."
"Account-Activation","ACT-001","Request account activation - valid user","Activation OTP is sent; success response returned","","Blocked","Blocked — SMTP is not configured in the checked environment (SMTP_HOST empty in .env.example; actual .env not inspected), so OTP/reset-email delivery could not be verified."
"Account-Activation","ACT-002","Request account activation - already active account","Appropriate message returned without granting duplicate activation","","Blocked","Blocked — SMTP is not configured in the checked environment (SMTP_HOST empty in .env.example; actual .env not inspected), so OTP/reset-email delivery could not be verified."
"Account-Activation","ACT-003","Verify activation OTP - correct code","Account is activated; success response returned","","Blocked","Blocked — SMTP is not configured in the checked environment (SMTP_HOST empty in .env.example; actual .env not inspected), so OTP/reset-email delivery could not be verified."
"Account-Activation","ACT-004","Verify activation OTP - incorrect/expired code","Request rejected; account remains unactivated","","Blocked","Blocked — SMTP is not configured in the checked environment (SMTP_HOST empty in .env.example; actual .env not inspected), so OTP/reset-email delivery could not be verified."
"Account-Activation","ACT-005","Reactivate a deactivated account","Reactivation flow triggers correctly (OTP or direct reactivation per business rule)","","Blocked","Blocked — requires per-role test account(s) on the confirmed target environment (local dev instance is not an agreed staging/live URL); not yet executed. Related logic has automated repo test coverage (internal/utils/otp_test.go (OTP generation/validation logic only, not the email delivery)); the full automated suite ran 626 passed / 0 failed / 63 skipped on 2026-09-23. That covers code-level logic, not this exact manual/UI scenario."
"Account-Activation","ACT-006","Reactivate account - invalid identifier","Request rejected with appropriate error, no internal details leaked","","Blocked","Blocked — requires per-role test account(s) on the confirmed target environment (local dev instance is not an agreed staging/live URL); not yet executed. Related logic has automated repo test coverage (internal/utils/otp_test.go (OTP generation/validation logic only, not the email delivery)); the full automated suite ran 626 passed / 0 failed / 63 skipped on 2026-09-23. That covers code-level logic, not this exact manual/UI scenario."
"User-Management","USR-001","View users list page","Paginated list of users is displayed with role/status columns","","Blocked","Blocked — requires per-role test account(s) on the confirmed target environment (local dev instance is not an agreed staging/live URL); not yet executed."
"User-Management","USR-002","Get user by ID","User details returned with HTTP 200","","Blocked","Blocked — requires per-role test account(s) on the confirmed target environment (local dev instance is not an agreed staging/live URL); not yet executed."
"User-Management","USR-003","Get non-existent user","HTTP 404 Not Found returned","","Blocked","Blocked — requires per-role test account(s) on the confirmed target environment (local dev instance is not an agreed staging/live URL); not yet executed."
"User-Management","USR-004","Update user profile details","User record updated; changes reflected in list/detail views","","Blocked","Blocked — requires per-role test account(s) on the confirmed target environment (local dev instance is not an agreed staging/live URL); not yet executed."
"User-Management","USR-005","Update user - invalid email format","Validation error returned; record not updated","","Blocked","Blocked — requires per-role test account(s) on the confirmed target environment (local dev instance is not an agreed staging/live URL); not yet executed."
"User-Management","USR-006","Activate/Deactivate user status","User status updated; deactivated user can no longer log in","","Blocked","Blocked — requires per-role test account(s) on the confirmed target environment (local dev instance is not an agreed staging/live URL); not yet executed."
"User-Management","USR-007","Change own password","Password updated successfully; user can log in with the new password","","Blocked","Blocked — requires per-role test account(s) on the confirmed target environment (local dev instance is not an agreed staging/live URL); not yet executed."
"User-Management","USR-008","Change password - wrong current password","Request rejected with an appropriate error","","Blocked","Blocked — requires per-role test account(s) on the confirmed target environment (local dev instance is not an agreed staging/live URL); not yet executed."
"User-Management","USR-009","Admin resets another user's password","Target user's password updated; user notified/forced to change on next login if applicable","","Blocked","Blocked — requires per-role test account(s) on the confirmed target environment (local dev instance is not an agreed staging/live URL); not yet executed."
"User-Management","USR-010","Non-admin cannot access user management","HTTP 403 Forbidden or redirect; user list not exposed","","Blocked","Blocked — requires per-role test account(s) on the confirmed target environment (local dev instance is not an agreed staging/live URL); not yet executed."
"Dashboard","DASH-001","Dashboard loads for authorized roles","Dashboard page renders without error, showing role-appropriate widgets","","Blocked","Blocked — requires per-role test account(s) on the confirmed target environment (local dev instance is not an agreed staging/live URL); not yet executed."
"Dashboard","DASH-002","Dashboard stats API returns data","Correct aggregate figures (students, donors, donations, loans, aid requests) are returned","","Blocked","Blocked — requires per-role test account(s) on the confirmed target environment (local dev instance is not an agreed staging/live URL); not yet executed."
"Dashboard","DASH-003","Dashboard blocked when logged out","User is redirected to /login","","Blocked","Blocked — requires per-role test account(s) on the confirmed target environment (local dev instance is not an agreed staging/live URL); not yet executed."
"Dashboard","DASH-004","Dashboard figures match underlying data","Dashboard numbers reconcile exactly with source records","","Blocked","Blocked — requires per-role test account(s) on the confirmed target environment (local dev instance is not an agreed staging/live URL); not yet executed."
"Dashboard","DASH-005","Dashboard renders correctly on mobile/tablet width","Layout remains usable and readable at common breakpoints","","Blocked","Blocked — this is a visual/rendering/responsiveness check that needs a human in a real browser; an automated agent cannot reliably judge layout/UX."
"Students","STU-001","Student list page loads","Paginated student list renders with expected columns","","Blocked","Blocked — this is a visual/rendering/responsiveness check that needs a human in a real browser; an automated agent cannot reliably judge layout/UX."
"Students","STU-002","List students via API","HTTP 200 with correctly structured JSON array/pagination metadata","","Blocked","Blocked — requires per-role test account(s) on the confirmed target environment (local dev instance is not an agreed staging/live URL); not yet executed. Related logic has automated repo test coverage (internal/services/authz_student_test.go); the full automated suite ran 626 passed / 0 failed / 63 skipped on 2026-09-23. That covers code-level logic, not this exact manual/UI scenario."
"Students","STU-003","Search/filter students","Only matching records are returned","","Blocked","Blocked — requires per-role test account(s) on the confirmed target environment (local dev instance is not an agreed staging/live URL); not yet executed. Related logic has automated repo test coverage (internal/services/authz_student_test.go); the full automated suite ran 626 passed / 0 failed / 63 skipped on 2026-09-23. That covers code-level logic, not this exact manual/UI scenario."
"Students","STU-004","View single student by ID","Full record details returned with HTTP 200","","Blocked","Blocked — requires per-role test account(s) on the confirmed target environment (local dev instance is not an agreed staging/live URL); not yet executed. Related logic has automated repo test coverage (internal/services/authz_student_test.go); the full automated suite ran 626 passed / 0 failed / 63 skipped on 2026-09-23. That covers code-level logic, not this exact manual/UI scenario."
"Students","STU-005","View non-existent student","HTTP 404 Not Found returned","","Blocked","Blocked — requires per-role test account(s) on the confirmed target environment (local dev instance is not an agreed staging/live URL); not yet executed. Related logic has automated repo test coverage (internal/services/authz_student_test.go); the full automated suite ran 626 passed / 0 failed / 63 skipped on 2026-09-23. That covers code-level logic, not this exact manual/UI scenario."
"Students","STU-006","Create student - valid data","New student is created and appears in the list; HTTP 201","","Blocked","Blocked — requires per-role test account(s) on the confirmed target environment (local dev instance is not an agreed staging/live URL); not yet executed. Related logic has automated repo test coverage (internal/services/authz_student_test.go); the full automated suite ran 626 passed / 0 failed / 63 skipped on 2026-09-23. That covers code-level logic, not this exact manual/UI scenario."
"Students","STU-007","Create student - missing required fields","Validation error returned; no record created","","Blocked","Blocked — requires per-role test account(s) on the confirmed target environment (local dev instance is not an agreed staging/live URL); not yet executed. Related logic has automated repo test coverage (internal/services/authz_student_test.go); the full automated suite ran 626 passed / 0 failed / 63 skipped on 2026-09-23. That covers code-level logic, not this exact manual/UI scenario."
"Students","STU-008","Create student - invalid field format","Validation error returned; no record created","","Blocked","Blocked — requires per-role test account(s) on the confirmed target environment (local dev instance is not an agreed staging/live URL); not yet executed. Related logic has automated repo test coverage (internal/services/authz_student_test.go); the full automated suite ran 626 passed / 0 failed / 63 skipped on 2026-09-23. That covers code-level logic, not this exact manual/UI scenario."
"Students","STU-009","Update student - valid changes","Record updated; changes visible on subsequent GET","","Blocked","Blocked — requires per-role test account(s) on the confirmed target environment (local dev instance is not an agreed staging/live URL); not yet executed. Related logic has automated repo test coverage (internal/services/authz_student_test.go); the full automated suite ran 626 passed / 0 failed / 63 skipped on 2026-09-23. That covers code-level logic, not this exact manual/UI scenario."
"Students","STU-010","Update student - invalid data","Validation error returned; record left unchanged","","Blocked","Blocked — requires per-role test account(s) on the confirmed target environment (local dev instance is not an agreed staging/live URL); not yet executed. Related logic has automated repo test coverage (internal/services/authz_student_test.go); the full automated suite ran 626 passed / 0 failed / 63 skipped on 2026-09-23. That covers code-level logic, not this exact manual/UI scenario."
"Students","STU-011","Update non-existent student","HTTP 404 Not Found returned","","Blocked","Blocked — requires per-role test account(s) on the confirmed target environment (local dev instance is not an agreed staging/live URL); not yet executed. Related logic has automated repo test coverage (internal/services/authz_student_test.go); the full automated suite ran 626 passed / 0 failed / 63 skipped on 2026-09-23. That covers code-level logic, not this exact manual/UI scenario."
"Students","STU-012","Delete student as authorized role","Record is deleted (or soft-deleted) and no longer appears in list","","Blocked","Blocked — requires per-role test account(s) on the confirmed target environment (local dev instance is not an agreed staging/live URL); not yet executed. Related logic has automated repo test coverage (internal/services/authz_student_test.go); the full automated suite ran 626 passed / 0 failed / 63 skipped on 2026-09-23. That covers code-level logic, not this exact manual/UI scenario."
"Students","STU-013","Delete student as unauthorized role","HTTP 403 Forbidden; record is not deleted","","Blocked","Blocked — requires per-role test account(s) on the confirmed target environment (local dev instance is not an agreed staging/live URL); not yet executed. Related logic has automated repo test coverage (internal/services/authz_student_test.go); the full automated suite ran 626 passed / 0 failed / 63 skipped on 2026-09-23. That covers code-level logic, not this exact manual/UI scenario."
"Students","STU-014","Access student module as unauthorized role","HTTP 403 Forbidden or redirect; no data exposed","","Blocked","Blocked — requires per-role test account(s) on the confirmed target environment (local dev instance is not an agreed staging/live URL); not yet executed. Related logic has automated repo test coverage (internal/services/authz_student_test.go); the full automated suite ran 626 passed / 0 failed / 63 skipped on 2026-09-23. That covers code-level logic, not this exact manual/UI scenario."
"Students","STU-015","Access student module while logged out","Redirected to /login or HTTP 401 returned","","Blocked","Blocked — requires per-role test account(s) on the confirmed target environment (local dev instance is not an agreed staging/live URL); not yet executed. Related logic has automated repo test coverage (internal/services/authz_student_test.go); the full automated suite ran 626 passed / 0 failed / 63 skipped on 2026-09-23. That covers code-level logic, not this exact manual/UI scenario."
"Students","STU-016","Update student status (e.g. active/graduated/inactive)","Status updated and reflected in list/detail view","","Blocked","Blocked — requires per-role test account(s) on the confirmed target environment (local dev instance is not an agreed staging/live URL); not yet executed. Related logic has automated repo test coverage (internal/services/authz_student_test.go); the full automated suite ran 626 passed / 0 failed / 63 skipped on 2026-09-23. That covers code-level logic, not this exact manual/UI scenario."
"Students","STU-017","Student view page renders full profile","Full student profile (academic + personal details) renders correctly","","Blocked","Blocked — this is a visual/rendering/responsiveness check that needs a human in a real browser; an automated agent cannot reliably judge layout/UX."
"Students","STU-018","Student edit page pre-fills existing data","Edit form is pre-populated with the student's current data","","Blocked","Blocked — requires per-role test account(s) on the confirmed target environment (local dev instance is not an agreed staging/live URL); not yet executed. Related logic has automated repo test coverage (internal/services/authz_student_test.go); the full automated suite ran 626 passed / 0 failed / 63 skipped on 2026-09-23. That covers code-level logic, not this exact manual/UI scenario."
"Persons-Beneficiaries","PER-001","Person list page loads","Paginated person list renders with expected columns","","Blocked","Blocked — this is a visual/rendering/responsiveness check that needs a human in a real browser; an automated agent cannot reliably judge layout/UX."
"Persons-Beneficiaries","PER-002","List persons via API","HTTP 200 with correctly structured JSON array/pagination metadata","","Blocked","Blocked — requires per-role test account(s) on the confirmed target environment (local dev instance is not an agreed staging/live URL); not yet executed. Related logic has automated repo test coverage (internal/services/authz_person_test.go); the full automated suite ran 626 passed / 0 failed / 63 skipped on 2026-09-23. That covers code-level logic, not this exact manual/UI scenario."
"Persons-Beneficiaries","PER-003","Search/filter persons","Only matching records are returned","","Blocked","Blocked — requires per-role test account(s) on the confirmed target environment (local dev instance is not an agreed staging/live URL); not yet executed. Related logic has automated repo test coverage (internal/services/authz_person_test.go); the full automated suite ran 626 passed / 0 failed / 63 skipped on 2026-09-23. That covers code-level logic, not this exact manual/UI scenario."
"Persons-Beneficiaries","PER-004","View single person by ID","Full record details returned with HTTP 200","","Blocked","Blocked — requires per-role test account(s) on the confirmed target environment (local dev instance is not an agreed staging/live URL); not yet executed. Related logic has automated repo test coverage (internal/services/authz_person_test.go); the full automated suite ran 626 passed / 0 failed / 63 skipped on 2026-09-23. That covers code-level logic, not this exact manual/UI scenario."
"Persons-Beneficiaries","PER-005","View non-existent person","HTTP 404 Not Found returned","","Blocked","Blocked — requires per-role test account(s) on the confirmed target environment (local dev instance is not an agreed staging/live URL); not yet executed. Related logic has automated repo test coverage (internal/services/authz_person_test.go); the full automated suite ran 626 passed / 0 failed / 63 skipped on 2026-09-23. That covers code-level logic, not this exact manual/UI scenario."
"Persons-Beneficiaries","PER-006","Create person - valid data","New person is created and appears in the list; HTTP 201","","Blocked","Blocked — requires per-role test account(s) on the confirmed target environment (local dev instance is not an agreed staging/live URL); not yet executed. Related logic has automated repo test coverage (internal/services/authz_person_test.go); the full automated suite ran 626 passed / 0 failed / 63 skipped on 2026-09-23. That covers code-level logic, not this exact manual/UI scenario."
"Persons-Beneficiaries","PER-007","Create person - missing required fields","Validation error returned; no record created","","Blocked","Blocked — requires per-role test account(s) on the confirmed target environment (local dev instance is not an agreed staging/live URL); not yet executed. Related logic has automated repo test coverage (internal/services/authz_person_test.go); the full automated suite ran 626 passed / 0 failed / 63 skipped on 2026-09-23. That covers code-level logic, not this exact manual/UI scenario."
"Persons-Beneficiaries","PER-008","Create person - invalid field format","Validation error returned; no record created","","Blocked","Blocked — requires per-role test account(s) on the confirmed target environment (local dev instance is not an agreed staging/live URL); not yet executed. Related logic has automated repo test coverage (internal/services/authz_person_test.go); the full automated suite ran 626 passed / 0 failed / 63 skipped on 2026-09-23. That covers code-level logic, not this exact manual/UI scenario."
"Persons-Beneficiaries","PER-009","Update person - valid changes","Record updated; changes visible on subsequent GET","","Blocked","Blocked — requires per-role test account(s) on the confirmed target environment (local dev instance is not an agreed staging/live URL); not yet executed. Related logic has automated repo test coverage (internal/services/authz_person_test.go); the full automated suite ran 626 passed / 0 failed / 63 skipped on 2026-09-23. That covers code-level logic, not this exact manual/UI scenario."
"Persons-Beneficiaries","PER-010","Update person - invalid data","Validation error returned; record left unchanged","","Blocked","Blocked — requires per-role test account(s) on the confirmed target environment (local dev instance is not an agreed staging/live URL); not yet executed. Related logic has automated repo test coverage (internal/services/authz_person_test.go); the full automated suite ran 626 passed / 0 failed / 63 skipped on 2026-09-23. That covers code-level logic, not this exact manual/UI scenario."
"Persons-Beneficiaries","PER-011","Update non-existent person","HTTP 404 Not Found returned","","Blocked","Blocked — requires per-role test account(s) on the confirmed target environment (local dev instance is not an agreed staging/live URL); not yet executed. Related logic has automated repo test coverage (internal/services/authz_person_test.go); the full automated suite ran 626 passed / 0 failed / 63 skipped on 2026-09-23. That covers code-level logic, not this exact manual/UI scenario."
"Persons-Beneficiaries","PER-012","Delete person as authorized role","Record is deleted (or soft-deleted) and no longer appears in list","","Blocked","Blocked — requires per-role test account(s) on the confirmed target environment (local dev instance is not an agreed staging/live URL); not yet executed. Related logic has automated repo test coverage (internal/services/authz_person_test.go); the full automated suite ran 626 passed / 0 failed / 63 skipped on 2026-09-23. That covers code-level logic, not this exact manual/UI scenario."
"Persons-Beneficiaries","PER-013","Delete person as unauthorized role","HTTP 403 Forbidden; record is not deleted","","Blocked","Blocked — requires per-role test account(s) on the confirmed target environment (local dev instance is not an agreed staging/live URL); not yet executed. Related logic has automated repo test coverage (internal/services/authz_person_test.go); the full automated suite ran 626 passed / 0 failed / 63 skipped on 2026-09-23. That covers code-level logic, not this exact manual/UI scenario."
"Persons-Beneficiaries","PER-014","Access person module as unauthorized role","HTTP 403 Forbidden or redirect; no data exposed","","Blocked","Blocked — requires per-role test account(s) on the confirmed target environment (local dev instance is not an agreed staging/live URL); not yet executed. Related logic has automated repo test coverage (internal/services/authz_person_test.go); the full automated suite ran 626 passed / 0 failed / 63 skipped on 2026-09-23. That covers code-level logic, not this exact manual/UI scenario."
"Persons-Beneficiaries","PER-015","Access person module while logged out","Redirected to /login or HTTP 401 returned","","Blocked","Blocked — requires per-role test account(s) on the confirmed target environment (local dev instance is not an agreed staging/live URL); not yet executed. Related logic has automated repo test coverage (internal/services/authz_person_test.go); the full automated suite ran 626 passed / 0 failed / 63 skipped on 2026-09-23. That covers code-level logic, not this exact manual/UI scenario."
"Persons-Beneficiaries","PER-016","Update person status","Status updated correctly and reflected across dependent modules (aid requests, care provided)","","Blocked","Blocked — requires per-role test account(s) on the confirmed target environment (local dev instance is not an agreed staging/live URL); not yet executed. Related logic has automated repo test coverage (internal/services/authz_person_test.go); the full automated suite ran 626 passed / 0 failed / 63 skipped on 2026-09-23. That covers code-level logic, not this exact manual/UI scenario."
"Persons-Beneficiaries","PER-017","Person view page shows linked records","Linked aid requests / care-provided history is visible on the profile","","Blocked","Blocked — requires per-role test account(s) on the confirmed target environment (local dev instance is not an agreed staging/live URL); not yet executed. Related logic has automated repo test coverage (internal/services/authz_person_test.go); the full automated suite ran 626 passed / 0 failed / 63 skipped on 2026-09-23. That covers code-level logic, not this exact manual/UI scenario."
"Donors","DNR-001","Donor list page loads","Paginated donor list renders with expected columns","","Blocked","Blocked — this is a visual/rendering/responsiveness check that needs a human in a real browser; an automated agent cannot reliably judge layout/UX."
"Donors","DNR-002","List donors via API","HTTP 200 with correctly structured JSON array/pagination metadata","","Blocked","Blocked — requires per-role test account(s) on the confirmed target environment (local dev instance is not an agreed staging/live URL); not yet executed. Related logic has automated repo test coverage (internal/services/authz_object_level_donor_test.go); the full automated suite ran 626 passed / 0 failed / 63 skipped on 2026-09-23. That covers code-level logic, not this exact manual/UI scenario."
"Donors","DNR-003","Search/filter donors","Only matching records are returned","","Blocked","Blocked — requires per-role test account(s) on the confirmed target environment (local dev instance is not an agreed staging/live URL); not yet executed. Related logic has automated repo test coverage (internal/services/authz_object_level_donor_test.go); the full automated suite ran 626 passed / 0 failed / 63 skipped on 2026-09-23. That covers code-level logic, not this exact manual/UI scenario."
"Donors","DNR-004","View single donor by ID","Full record details returned with HTTP 200","","Blocked","Blocked — requires per-role test account(s) on the confirmed target environment (local dev instance is not an agreed staging/live URL); not yet executed. Related logic has automated repo test coverage (internal/services/authz_object_level_donor_test.go); the full automated suite ran 626 passed / 0 failed / 63 skipped on 2026-09-23. That covers code-level logic, not this exact manual/UI scenario."
"Donors","DNR-005","View non-existent donor","HTTP 404 Not Found returned","","Blocked","Blocked — requires per-role test account(s) on the confirmed target environment (local dev instance is not an agreed staging/live URL); not yet executed. Related logic has automated repo test coverage (internal/services/authz_object_level_donor_test.go); the full automated suite ran 626 passed / 0 failed / 63 skipped on 2026-09-23. That covers code-level logic, not this exact manual/UI scenario."
"Donors","DNR-006","Create donor - valid data","New donor is created and appears in the list; HTTP 201","","Blocked","Blocked — requires per-role test account(s) on the confirmed target environment (local dev instance is not an agreed staging/live URL); not yet executed. Related logic has automated repo test coverage (internal/services/authz_object_level_donor_test.go); the full automated suite ran 626 passed / 0 failed / 63 skipped on 2026-09-23. That covers code-level logic, not this exact manual/UI scenario."
"Donors","DNR-007","Create donor - missing required fields","Validation error returned; no record created","","Blocked","Blocked — requires per-role test account(s) on the confirmed target environment (local dev instance is not an agreed staging/live URL); not yet executed. Related logic has automated repo test coverage (internal/services/authz_object_level_donor_test.go); the full automated suite ran 626 passed / 0 failed / 63 skipped on 2026-09-23. That covers code-level logic, not this exact manual/UI scenario."
"Donors","DNR-008","Create donor - invalid field format","Validation error returned; no record created","","Blocked","Blocked — requires per-role test account(s) on the confirmed target environment (local dev instance is not an agreed staging/live URL); not yet executed. Related logic has automated repo test coverage (internal/services/authz_object_level_donor_test.go); the full automated suite ran 626 passed / 0 failed / 63 skipped on 2026-09-23. That covers code-level logic, not this exact manual/UI scenario."
"Donors","DNR-009","Update donor - valid changes","Record updated; changes visible on subsequent GET","","Blocked","Blocked — requires per-role test account(s) on the confirmed target environment (local dev instance is not an agreed staging/live URL); not yet executed. Related logic has automated repo test coverage (internal/services/authz_object_level_donor_test.go); the full automated suite ran 626 passed / 0 failed / 63 skipped on 2026-09-23. That covers code-level logic, not this exact manual/UI scenario."
"Donors","DNR-010","Update donor - invalid data","Validation error returned; record left unchanged","","Blocked","Blocked — requires per-role test account(s) on the confirmed target environment (local dev instance is not an agreed staging/live URL); not yet executed. Related logic has automated repo test coverage (internal/services/authz_object_level_donor_test.go); the full automated suite ran 626 passed / 0 failed / 63 skipped on 2026-09-23. That covers code-level logic, not this exact manual/UI scenario."
"Donors","DNR-011","Update non-existent donor","HTTP 404 Not Found returned","","Blocked","Blocked — requires per-role test account(s) on the confirmed target environment (local dev instance is not an agreed staging/live URL); not yet executed. Related logic has automated repo test coverage (internal/services/authz_object_level_donor_test.go); the full automated suite ran 626 passed / 0 failed / 63 skipped on 2026-09-23. That covers code-level logic, not this exact manual/UI scenario."
"Donors","DNR-012","Delete donor as authorized role","Record is deleted (or soft-deleted) and no longer appears in list","","Blocked","Blocked — requires per-role test account(s) on the confirmed target environment (local dev instance is not an agreed staging/live URL); not yet executed. Related logic has automated repo test coverage (internal/services/authz_object_level_donor_test.go); the full automated suite ran 626 passed / 0 failed / 63 skipped on 2026-09-23. That covers code-level logic, not this exact manual/UI scenario."
"Donors","DNR-013","Delete donor as unauthorized role","HTTP 403 Forbidden; record is not deleted","","Blocked","Blocked — requires per-role test account(s) on the confirmed target environment (local dev instance is not an agreed staging/live URL); not yet executed. Related logic has automated repo test coverage (internal/services/authz_object_level_donor_test.go); the full automated suite ran 626 passed / 0 failed / 63 skipped on 2026-09-23. That covers code-level logic, not this exact manual/UI scenario."
"Donors","DNR-014","Access donor module as unauthorized role","HTTP 403 Forbidden or redirect; no data exposed","","Blocked","Blocked — requires per-role test account(s) on the confirmed target environment (local dev instance is not an agreed staging/live URL); not yet executed. Related logic has automated repo test coverage (internal/services/authz_object_level_donor_test.go); the full automated suite ran 626 passed / 0 failed / 63 skipped on 2026-09-23. That covers code-level logic, not this exact manual/UI scenario."
"Donors","DNR-015","Access donor module while logged out","Redirected to /login or HTTP 401 returned","","Blocked","Blocked — requires per-role test account(s) on the confirmed target environment (local dev instance is not an agreed staging/live URL); not yet executed. Related logic has automated repo test coverage (internal/services/authz_object_level_donor_test.go); the full automated suite ran 626 passed / 0 failed / 63 skipped on 2026-09-23. That covers code-level logic, not this exact manual/UI scenario."
"Donors","DNR-016","Update donor status (active/inactive)","Donor status updated and reflected in donor list and donation forms","","Blocked","Blocked — requires per-role test account(s) on the confirmed target environment (local dev instance is not an agreed staging/live URL); not yet executed. Related logic has automated repo test coverage (internal/services/authz_object_level_donor_test.go); the full automated suite ran 626 passed / 0 failed / 63 skipped on 2026-09-23. That covers code-level logic, not this exact manual/UI scenario."
"Donors","DNR-017","Donor view page shows donation history","Donation history for the donor is listed correctly with correct totals","","Blocked","Blocked — requires per-role test account(s) on the confirmed target environment (local dev instance is not an agreed staging/live URL); not yet executed. Related logic has automated repo test coverage (internal/services/authz_object_level_donor_test.go); the full automated suite ran 626 passed / 0 failed / 63 skipped on 2026-09-23. That covers code-level logic, not this exact manual/UI scenario."
"Donations","DON-001","Donation list page loads","Paginated donation list renders with expected columns","","Blocked","Blocked — this is a visual/rendering/responsiveness check that needs a human in a real browser; an automated agent cannot reliably judge layout/UX."
"Donations","DON-002","List donations via API","HTTP 200 with correctly structured JSON array/pagination metadata","","Blocked","Blocked — requires per-role test account(s) on the confirmed target environment (local dev instance is not an agreed staging/live URL); not yet executed. Related logic has automated repo test coverage (internal/services/authz_donation_test.go); the full automated suite ran 626 passed / 0 failed / 63 skipped on 2026-09-23. That covers code-level logic, not this exact manual/UI scenario."
"Donations","DON-003","Search/filter donations","Only matching records are returned","","Blocked","Blocked — requires per-role test account(s) on the confirmed target environment (local dev instance is not an agreed staging/live URL); not yet executed. Related logic has automated repo test coverage (internal/services/authz_donation_test.go); the full automated suite ran 626 passed / 0 failed / 63 skipped on 2026-09-23. That covers code-level logic, not this exact manual/UI scenario."
"Donations","DON-004","View single donation by ID","Full record details returned with HTTP 200","","Blocked","Blocked — requires per-role test account(s) on the confirmed target environment (local dev instance is not an agreed staging/live URL); not yet executed. Related logic has automated repo test coverage (internal/services/authz_donation_test.go); the full automated suite ran 626 passed / 0 failed / 63 skipped on 2026-09-23. That covers code-level logic, not this exact manual/UI scenario."
"Donations","DON-005","View non-existent donation","HTTP 404 Not Found returned","","Blocked","Blocked — requires per-role test account(s) on the confirmed target environment (local dev instance is not an agreed staging/live URL); not yet executed. Related logic has automated repo test coverage (internal/services/authz_donation_test.go); the full automated suite ran 626 passed / 0 failed / 63 skipped on 2026-09-23. That covers code-level logic, not this exact manual/UI scenario."
"Donations","DON-006","Create donation - valid data","New donation is created and appears in the list; HTTP 201","","Blocked","Blocked — requires per-role test account(s) on the confirmed target environment (local dev instance is not an agreed staging/live URL); not yet executed. Related logic has automated repo test coverage (internal/services/authz_donation_test.go); the full automated suite ran 626 passed / 0 failed / 63 skipped on 2026-09-23. That covers code-level logic, not this exact manual/UI scenario."
"Donations","DON-007","Create donation - missing required fields","Validation error returned; no record created","","Blocked","Blocked — requires per-role test account(s) on the confirmed target environment (local dev instance is not an agreed staging/live URL); not yet executed. Related logic has automated repo test coverage (internal/services/authz_donation_test.go); the full automated suite ran 626 passed / 0 failed / 63 skipped on 2026-09-23. That covers code-level logic, not this exact manual/UI scenario."
"Donations","DON-008","Create donation - invalid field format","Validation error returned; no record created","","Blocked","Blocked — requires per-role test account(s) on the confirmed target environment (local dev instance is not an agreed staging/live URL); not yet executed. Related logic has automated repo test coverage (internal/services/authz_donation_test.go); the full automated suite ran 626 passed / 0 failed / 63 skipped on 2026-09-23. That covers code-level logic, not this exact manual/UI scenario."
"Donations","DON-009","Update donation - valid changes","Record updated; changes visible on subsequent GET","","Blocked","Blocked — requires per-role test account(s) on the confirmed target environment (local dev instance is not an agreed staging/live URL); not yet executed. Related logic has automated repo test coverage (internal/services/authz_donation_test.go); the full automated suite ran 626 passed / 0 failed / 63 skipped on 2026-09-23. That covers code-level logic, not this exact manual/UI scenario."
"Donations","DON-010","Update donation - invalid data","Validation error returned; record left unchanged","","Blocked","Blocked — requires per-role test account(s) on the confirmed target environment (local dev instance is not an agreed staging/live URL); not yet executed. Related logic has automated repo test coverage (internal/services/authz_donation_test.go); the full automated suite ran 626 passed / 0 failed / 63 skipped on 2026-09-23. That covers code-level logic, not this exact manual/UI scenario."
"Donations","DON-011","Update non-existent donation","HTTP 404 Not Found returned","","Blocked","Blocked — requires per-role test account(s) on the confirmed target environment (local dev instance is not an agreed staging/live URL); not yet executed. Related logic has automated repo test coverage (internal/services/authz_donation_test.go); the full automated suite ran 626 passed / 0 failed / 63 skipped on 2026-09-23. That covers code-level logic, not this exact manual/UI scenario."
"Donations","DON-012","Delete donation as authorized role","Record is deleted (or soft-deleted) and no longer appears in list","","Blocked","Blocked — requires per-role test account(s) on the confirmed target environment (local dev instance is not an agreed staging/live URL); not yet executed. Related logic has automated repo test coverage (internal/services/authz_donation_test.go); the full automated suite ran 626 passed / 0 failed / 63 skipped on 2026-09-23. That covers code-level logic, not this exact manual/UI scenario."
"Donations","DON-013","Delete donation as unauthorized role","HTTP 403 Forbidden; record is not deleted","","Blocked","Blocked — requires per-role test account(s) on the confirmed target environment (local dev instance is not an agreed staging/live URL); not yet executed. Related logic has automated repo test coverage (internal/services/authz_donation_test.go); the full automated suite ran 626 passed / 0 failed / 63 skipped on 2026-09-23. That covers code-level logic, not this exact manual/UI scenario."
"Donations","DON-014","Access donation module as unauthorized role","HTTP 403 Forbidden or redirect; no data exposed","","Blocked","Blocked — requires per-role test account(s) on the confirmed target environment (local dev instance is not an agreed staging/live URL); not yet executed. Related logic has automated repo test coverage (internal/services/authz_donation_test.go); the full automated suite ran 626 passed / 0 failed / 63 skipped on 2026-09-23. That covers code-level logic, not this exact manual/UI scenario."
"Donations","DON-015","Access donation module while logged out","Redirected to /login or HTTP 401 returned","","Blocked","Blocked — requires per-role test account(s) on the confirmed target environment (local dev instance is not an agreed staging/live URL); not yet executed. Related logic has automated repo test coverage (internal/services/authz_donation_test.go); the full automated suite ran 626 passed / 0 failed / 63 skipped on 2026-09-23. That covers code-level logic, not this exact manual/UI scenario."
"Donations","DON-016","Update donation status (e.g. pending/confirmed/cancelled)","Status updates correctly; invalid transitions (e.g. confirmed -> pending) are blocked if disallowed","","Blocked","Blocked — requires per-role test account(s) on the confirmed target environment (local dev instance is not an agreed staging/live URL); not yet executed. Related logic has automated repo test coverage (internal/services/authz_donation_test.go); the full automated suite ran 626 passed / 0 failed / 63 skipped on 2026-09-23. That covers code-level logic, not this exact manual/UI scenario."
"Donations","DON-017","Donation amount validation","Validation error returned; donation not created","","Blocked","Blocked — requires per-role test account(s) on the confirmed target environment (local dev instance is not an agreed staging/live URL); not yet executed. Related logic has automated repo test coverage (internal/services/authz_donation_test.go); the full automated suite ran 626 passed / 0 failed / 63 skipped on 2026-09-23. That covers code-level logic, not this exact manual/UI scenario."
"Donations","DON-018","Donation totals roll up to Revenue/Reports","Figures reconcile across Donations, Revenue and Reports modules","","Blocked","Blocked — requires per-role test account(s) on the confirmed target environment (local dev instance is not an agreed staging/live URL); not yet executed. Related logic has automated repo test coverage (internal/services/authz_donation_test.go); the full automated suite ran 626 passed / 0 failed / 63 skipped on 2026-09-23. That covers code-level logic, not this exact manual/UI scenario."
"Loans","LON-001","Loan list page loads","Paginated loan list renders with expected columns","","Blocked","Blocked — this is a visual/rendering/responsiveness check that needs a human in a real browser; an automated agent cannot reliably judge layout/UX."
"Loans","LON-002","List loans via API","HTTP 200 with correctly structured JSON array/pagination metadata","","Blocked","Blocked — requires per-role test account(s) on the confirmed target environment (local dev instance is not an agreed staging/live URL); not yet executed. Related logic has automated repo test coverage (internal/services/authz_loan_test.go, loan_service_test.go); the full automated suite ran 626 passed / 0 failed / 63 skipped on 2026-09-23. That covers code-level logic, not this exact manual/UI scenario."
"Loans","LON-003","Search/filter loans","Only matching records are returned","","Blocked","Blocked — requires per-role test account(s) on the confirmed target environment (local dev instance is not an agreed staging/live URL); not yet executed. Related logic has automated repo test coverage (internal/services/authz_loan_test.go, loan_service_test.go); the full automated suite ran 626 passed / 0 failed / 63 skipped on 2026-09-23. That covers code-level logic, not this exact manual/UI scenario."
"Loans","LON-004","View single loan by ID","Full record details returned with HTTP 200","","Blocked","Blocked — requires per-role test account(s) on the confirmed target environment (local dev instance is not an agreed staging/live URL); not yet executed. Related logic has automated repo test coverage (internal/services/authz_loan_test.go, loan_service_test.go); the full automated suite ran 626 passed / 0 failed / 63 skipped on 2026-09-23. That covers code-level logic, not this exact manual/UI scenario."
"Loans","LON-005","View non-existent loan","HTTP 404 Not Found returned","","Blocked","Blocked — requires per-role test account(s) on the confirmed target environment (local dev instance is not an agreed staging/live URL); not yet executed. Related logic has automated repo test coverage (internal/services/authz_loan_test.go, loan_service_test.go); the full automated suite ran 626 passed / 0 failed / 63 skipped on 2026-09-23. That covers code-level logic, not this exact manual/UI scenario."
"Loans","LON-006","Create loan - valid data","New loan is created and appears in the list; HTTP 201","","Blocked","Blocked — requires per-role test account(s) on the confirmed target environment (local dev instance is not an agreed staging/live URL); not yet executed. Related logic has automated repo test coverage (internal/services/authz_loan_test.go, loan_service_test.go); the full automated suite ran 626 passed / 0 failed / 63 skipped on 2026-09-23. That covers code-level logic, not this exact manual/UI scenario."
"Loans","LON-007","Create loan - missing required fields","Validation error returned; no record created","","Blocked","Blocked — requires per-role test account(s) on the confirmed target environment (local dev instance is not an agreed staging/live URL); not yet executed. Related logic has automated repo test coverage (internal/services/authz_loan_test.go, loan_service_test.go); the full automated suite ran 626 passed / 0 failed / 63 skipped on 2026-09-23. That covers code-level logic, not this exact manual/UI scenario."
"Loans","LON-008","Create loan - invalid field format","Validation error returned; no record created","","Blocked","Blocked — requires per-role test account(s) on the confirmed target environment (local dev instance is not an agreed staging/live URL); not yet executed. Related logic has automated repo test coverage (internal/services/authz_loan_test.go, loan_service_test.go); the full automated suite ran 626 passed / 0 failed / 63 skipped on 2026-09-23. That covers code-level logic, not this exact manual/UI scenario."
"Loans","LON-009","Update loan - valid changes","Record updated; changes visible on subsequent GET","","Blocked","Blocked — requires per-role test account(s) on the confirmed target environment (local dev instance is not an agreed staging/live URL); not yet executed. Related logic has automated repo test coverage (internal/services/authz_loan_test.go, loan_service_test.go); the full automated suite ran 626 passed / 0 failed / 63 skipped on 2026-09-23. That covers code-level logic, not this exact manual/UI scenario."
"Loans","LON-010","Update loan - invalid data","Validation error returned; record left unchanged","","Blocked","Blocked — requires per-role test account(s) on the confirmed target environment (local dev instance is not an agreed staging/live URL); not yet executed. Related logic has automated repo test coverage (internal/services/authz_loan_test.go, loan_service_test.go); the full automated suite ran 626 passed / 0 failed / 63 skipped on 2026-09-23. That covers code-level logic, not this exact manual/UI scenario."
"Loans","LON-011","Update non-existent loan","HTTP 404 Not Found returned","","Blocked","Blocked — requires per-role test account(s) on the confirmed target environment (local dev instance is not an agreed staging/live URL); not yet executed. Related logic has automated repo test coverage (internal/services/authz_loan_test.go, loan_service_test.go); the full automated suite ran 626 passed / 0 failed / 63 skipped on 2026-09-23. That covers code-level logic, not this exact manual/UI scenario."
"Loans","LON-012","Access loan module as unauthorized role","HTTP 403 Forbidden or redirect; no data exposed","","Blocked","Blocked — requires per-role test account(s) on the confirmed target environment (local dev instance is not an agreed staging/live URL); not yet executed. Related logic has automated repo test coverage (internal/services/authz_loan_test.go, loan_service_test.go); the full automated suite ran 626 passed / 0 failed / 63 skipped on 2026-09-23. That covers code-level logic, not this exact manual/UI scenario."
"Loans","LON-013","Access loan module while logged out","Redirected to /login or HTTP 401 returned","","Blocked","Blocked — requires per-role test account(s) on the confirmed target environment (local dev instance is not an agreed staging/live URL); not yet executed. Related logic has automated repo test coverage (internal/services/authz_loan_test.go, loan_service_test.go); the full automated suite ran 626 passed / 0 failed / 63 skipped on 2026-09-23. That covers code-level logic, not this exact manual/UI scenario."
"Loans","LON-014","Loan creation triggers pending/review status","Loan created with initial status (e.g. Pending Review)","","Blocked","Blocked — requires per-role test account(s) on the confirmed target environment (local dev instance is not an agreed staging/live URL); not yet executed. Related logic has automated repo test coverage (internal/services/authz_loan_test.go, loan_service_test.go); the full automated suite ran 626 passed / 0 failed / 63 skipped on 2026-09-23. That covers code-level logic, not this exact manual/UI scenario."
"Loans","LON-015","Review (approve) loan as Admin/Super Admin","Loan status updated to Approved; loan becomes eligible for repayment scheduling","","Blocked","Blocked — requires per-role test account(s) on the confirmed target environment (local dev instance is not an agreed staging/live URL); not yet executed. Related logic has automated repo test coverage (internal/services/authz_loan_test.go, loan_service_test.go); the full automated suite ran 626 passed / 0 failed / 63 skipped on 2026-09-23. That covers code-level logic, not this exact manual/UI scenario."
"Loans","LON-016","Review (reject) loan as Admin/Super Admin","Loan status updated to Rejected; reason stored/visible","","Blocked","Blocked — requires per-role test account(s) on the confirmed target environment (local dev instance is not an agreed staging/live URL); not yet executed. Related logic has automated repo test coverage (internal/services/authz_loan_test.go, loan_service_test.go); the full automated suite ran 626 passed / 0 failed / 63 skipped on 2026-09-23. That covers code-level logic, not this exact manual/UI scenario."
"Loans","LON-017","Staff cannot review/approve loans","HTTP 403 Forbidden; loan status unchanged","","Blocked","Blocked — requires per-role test account(s) on the confirmed target environment (local dev instance is not an agreed staging/live URL); not yet executed. Related logic has automated repo test coverage (internal/services/authz_loan_test.go, loan_service_test.go); the full automated suite ran 626 passed / 0 failed / 63 skipped on 2026-09-23. That covers code-level logic, not this exact manual/UI scenario."
"Loan-Repayments","LRP-001","Loan repayments list page loads","List of repayment schedules/records renders with due dates and statuses","","Blocked","Blocked — this is a visual/rendering/responsiveness check that needs a human in a real browser; an automated agent cannot reliably judge layout/UX."
"Loan-Repayments","LRP-002","View single repayment record","Repayment details (amount, due date, status) returned correctly","","Blocked","Blocked — requires per-role test account(s) on the confirmed target environment (local dev instance is not an agreed staging/live URL); not yet executed. Related logic has automated repo test coverage (internal/services/loan_service_test.go); the full automated suite ran 626 passed / 0 failed / 63 skipped on 2026-09-23. That covers code-level logic, not this exact manual/UI scenario."
"Loan-Repayments","LRP-003","Record a repayment (pay)","Repayment marked as paid; outstanding loan balance decreases accordingly","","Blocked","Blocked — requires per-role test account(s) on the confirmed target environment (local dev instance is not an agreed staging/live URL); not yet executed. Related logic has automated repo test coverage (internal/services/loan_service_test.go); the full automated suite ran 626 passed / 0 failed / 63 skipped on 2026-09-23. That covers code-level logic, not this exact manual/UI scenario."
"Loan-Repayments","LRP-004","Overpayment / incorrect amount on repayment","System either rejects or correctly handles partial/overpayment per business rule; no silent data corruption","","Blocked","Blocked — requires per-role test account(s) on the confirmed target environment (local dev instance is not an agreed staging/live URL); not yet executed. Related logic has automated repo test coverage (internal/services/loan_service_test.go); the full automated suite ran 626 passed / 0 failed / 63 skipped on 2026-09-23. That covers code-level logic, not this exact manual/UI scenario."
"Loan-Repayments","LRP-005","Cancel a repayment record","Repayment marked cancelled; loan balance/schedule recalculated correctly","","Blocked","Blocked — requires per-role test account(s) on the confirmed target environment (local dev instance is not an agreed staging/live URL); not yet executed. Related logic has automated repo test coverage (internal/services/loan_service_test.go); the full automated suite ran 626 passed / 0 failed / 63 skipped on 2026-09-23. That covers code-level logic, not this exact manual/UI scenario."
"Loan-Repayments","LRP-006","Duplicate repayment prevention","System blocks duplicate payment (per loan_repayment_dedup migration) with an appropriate error","","Blocked","Blocked — requires per-role test account(s) on the confirmed target environment (local dev instance is not an agreed staging/live URL); not yet executed. Related logic has automated repo test coverage (internal/services/loan_service_test.go); the full automated suite ran 626 passed / 0 failed / 63 skipped on 2026-09-23. That covers code-level logic, not this exact manual/UI scenario."
"Loan-Repayments","LRP-007","Pay/cancel a non-existent repayment","HTTP 404 Not Found returned","","Blocked","Blocked — requires per-role test account(s) on the confirmed target environment (local dev instance is not an agreed staging/live URL); not yet executed. Related logic has automated repo test coverage (internal/services/loan_service_test.go); the full automated suite ran 626 passed / 0 failed / 63 skipped on 2026-09-23. That covers code-level logic, not this exact manual/UI scenario."
"Loan-Repayments","LRP-008","Unauthorized role cannot record repayments","HTTP 403 Forbidden; repayment unchanged","","Blocked","Blocked — requires per-role test account(s) on the confirmed target environment (local dev instance is not an agreed staging/live URL); not yet executed. Related logic has automated repo test coverage (internal/services/loan_service_test.go); the full automated suite ran 626 passed / 0 failed / 63 skipped on 2026-09-23. That covers code-level logic, not this exact manual/UI scenario."
"Aid-Requests","AID-001","Aid Request list page loads","Paginated aid request list renders with expected columns","","Blocked","Blocked — this is a visual/rendering/responsiveness check that needs a human in a real browser; an automated agent cannot reliably judge layout/UX."
"Aid-Requests","AID-002","List aid requests via API","HTTP 200 with correctly structured JSON array/pagination metadata","","Blocked","Blocked — requires per-role test account(s) on the confirmed target environment (local dev instance is not an agreed staging/live URL); not yet executed."
"Aid-Requests","AID-003","Search/filter aid requests","Only matching records are returned","","Blocked","Blocked — requires per-role test account(s) on the confirmed target environment (local dev instance is not an agreed staging/live URL); not yet executed."
"Aid-Requests","AID-004","View single aid request by ID","Full record details returned with HTTP 200","","Blocked","Blocked — requires per-role test account(s) on the confirmed target environment (local dev instance is not an agreed staging/live URL); not yet executed."
"Aid-Requests","AID-005","View non-existent aid request","HTTP 404 Not Found returned","","Blocked","Blocked — requires per-role test account(s) on the confirmed target environment (local dev instance is not an agreed staging/live URL); not yet executed."
"Aid-Requests","AID-006","Create aid request - valid data","New aid request is created and appears in the list; HTTP 201","","Blocked","Blocked — requires per-role test account(s) on the confirmed target environment (local dev instance is not an agreed staging/live URL); not yet executed."
"Aid-Requests","AID-007","Create aid request - missing required fields","Validation error returned; no record created","","Blocked","Blocked — requires per-role test account(s) on the confirmed target environment (local dev instance is not an agreed staging/live URL); not yet executed."
"Aid-Requests","AID-008","Create aid request - invalid field format","Validation error returned; no record created","","Blocked","Blocked — requires per-role test account(s) on the confirmed target environment (local dev instance is not an agreed staging/live URL); not yet executed."
"Aid-Requests","AID-009","Update aid request - valid changes","Record updated; changes visible on subsequent GET","","Blocked","Blocked — requires per-role test account(s) on the confirmed target environment (local dev instance is not an agreed staging/live URL); not yet executed."
"Aid-Requests","AID-010","Update aid request - invalid data","Validation error returned; record left unchanged","","Blocked","Blocked — requires per-role test account(s) on the confirmed target environment (local dev instance is not an agreed staging/live URL); not yet executed."
"Aid-Requests","AID-011","Update non-existent aid request","HTTP 404 Not Found returned","","Blocked","Blocked — requires per-role test account(s) on the confirmed target environment (local dev instance is not an agreed staging/live URL); not yet executed."
"Aid-Requests","AID-012","Delete aid request as authorized role","Record is deleted (or soft-deleted) and no longer appears in list","","Blocked","Blocked — requires per-role test account(s) on the confirmed target environment (local dev instance is not an agreed staging/live URL); not yet executed."
"Aid-Requests","AID-013","Delete aid request as unauthorized role","HTTP 403 Forbidden; record is not deleted","","Blocked","Blocked — requires per-role test account(s) on the confirmed target environment (local dev instance is not an agreed staging/live URL); not yet executed."
"Aid-Requests","AID-014","Access aid request module as unauthorized role","HTTP 403 Forbidden or redirect; no data exposed","","Blocked","Blocked — requires per-role test account(s) on the confirmed target environment (local dev instance is not an agreed staging/live URL); not yet executed."
"Aid-Requests","AID-015","Access aid request module while logged out","Redirected to /login or HTTP 401 returned","","Blocked","Blocked — requires per-role test account(s) on the confirmed target environment (local dev instance is not an agreed staging/live URL); not yet executed."
"Aid-Requests","AID-016","Review (approve) aid request","Request status updated to Approved; linked person/care records updated as applicable","","Blocked","Blocked — requires per-role test account(s) on the confirmed target environment (local dev instance is not an agreed staging/live URL); not yet executed."
"Aid-Requests","AID-017","Review (reject) aid request","Request status updated to Rejected with reason stored","","Blocked","Blocked — requires per-role test account(s) on the confirmed target environment (local dev instance is not an agreed staging/live URL); not yet executed."
"Aid-Requests","AID-018","Cancel an aid request","Request status updated to Cancelled by an authorized role (Super Admin/Admin/Staff)","","Blocked","Blocked — requires per-role test account(s) on the confirmed target environment (local dev instance is not an agreed staging/live URL); not yet executed."
"Aid-Requests","AID-019","Staff cannot review aid requests","HTTP 403 Forbidden; request status unchanged","","Blocked","Blocked — requires per-role test account(s) on the confirmed target environment (local dev instance is not an agreed staging/live URL); not yet executed."
"Care-Provided","CARE-001","Care record list page loads","Paginated care record list renders with expected columns","","Blocked","Blocked — this is a visual/rendering/responsiveness check that needs a human in a real browser; an automated agent cannot reliably judge layout/UX."
"Care-Provided","CARE-002","List care records via API","HTTP 200 with correctly structured JSON array/pagination metadata","","Blocked","Blocked — requires per-role test account(s) on the confirmed target environment (local dev instance is not an agreed staging/live URL); not yet executed."
"Care-Provided","CARE-003","Search/filter care records","Only matching records are returned","","Blocked","Blocked — requires per-role test account(s) on the confirmed target environment (local dev instance is not an agreed staging/live URL); not yet executed."
"Care-Provided","CARE-004","View single care record by ID","Full record details returned with HTTP 200","","Blocked","Blocked — requires per-role test account(s) on the confirmed target environment (local dev instance is not an agreed staging/live URL); not yet executed."
"Care-Provided","CARE-005","View non-existent care record","HTTP 404 Not Found returned","","Blocked","Blocked — requires per-role test account(s) on the confirmed target environment (local dev instance is not an agreed staging/live URL); not yet executed."
"Care-Provided","CARE-006","Create care record - valid data","New care record is created and appears in the list; HTTP 201","","Blocked","Blocked — requires per-role test account(s) on the confirmed target environment (local dev instance is not an agreed staging/live URL); not yet executed."
"Care-Provided","CARE-007","Create care record - missing required fields","Validation error returned; no record created","","Blocked","Blocked — requires per-role test account(s) on the confirmed target environment (local dev instance is not an agreed staging/live URL); not yet executed."
"Care-Provided","CARE-008","Create care record - invalid field format","Validation error returned; no record created","","Blocked","Blocked — requires per-role test account(s) on the confirmed target environment (local dev instance is not an agreed staging/live URL); not yet executed."
"Care-Provided","CARE-009","Update care record - valid changes","Record updated; changes visible on subsequent GET","","Blocked","Blocked — requires per-role test account(s) on the confirmed target environment (local dev instance is not an agreed staging/live URL); not yet executed."
"Care-Provided","CARE-010","Update care record - invalid data","Validation error returned; record left unchanged","","Blocked","Blocked — requires per-role test account(s) on the confirmed target environment (local dev instance is not an agreed staging/live URL); not yet executed."
"Care-Provided","CARE-011","Update non-existent care record","HTTP 404 Not Found returned","","Blocked","Blocked — requires per-role test account(s) on the confirmed target environment (local dev instance is not an agreed staging/live URL); not yet executed."
"Care-Provided","CARE-012","Delete care record as authorized role","Record is deleted (or soft-deleted) and no longer appears in list","","Blocked","Blocked — requires per-role test account(s) on the confirmed target environment (local dev instance is not an agreed staging/live URL); not yet executed."
"Care-Provided","CARE-013","Delete care record as unauthorized role","HTTP 403 Forbidden; record is not deleted","","Blocked","Blocked — requires per-role test account(s) on the confirmed target environment (local dev instance is not an agreed staging/live URL); not yet executed."
"Care-Provided","CARE-014","Access care record module as unauthorized role","HTTP 403 Forbidden or redirect; no data exposed","","Blocked","Blocked — requires per-role test account(s) on the confirmed target environment (local dev instance is not an agreed staging/live URL); not yet executed."
"Care-Provided","CARE-015","Access care record module while logged out","Redirected to /login or HTTP 401 returned","","Blocked","Blocked — requires per-role test account(s) on the confirmed target environment (local dev instance is not an agreed staging/live URL); not yet executed."
"Care-Provided","CARE-016","Update care-provided status","Status updated and reflected in the beneficiary's care history","","Blocked","Blocked — requires per-role test account(s) on the confirmed target environment (local dev instance is not an agreed staging/live URL); not yet executed."
"Revenue","REV-001","Revenue list page loads","Revenue entries render with amount, source and date columns","","Blocked","Blocked — this is a visual/rendering/responsiveness check that needs a human in a real browser; an automated agent cannot reliably judge layout/UX."
"Revenue","REV-002","Revenue summaries endpoint returns correct totals","Returned totals match the sum of underlying revenue records for that range","","Blocked","Blocked — requires per-role test account(s) on the confirmed target environment (local dev instance is not an agreed staging/live URL); not yet executed."
"Revenue","REV-003","View single revenue record","Full revenue record detail returned","","Blocked","Blocked — requires per-role test account(s) on the confirmed target environment (local dev instance is not an agreed staging/live URL); not yet executed."
"Revenue","REV-004","Update revenue record","Record updated; totals/summaries recalculate correctly","","Blocked","Blocked — requires per-role test account(s) on the confirmed target environment (local dev instance is not an agreed staging/live URL); not yet executed."
"Revenue","REV-005","Update revenue with invalid amount","Validation error returned; record unchanged","","Blocked","Blocked — requires per-role test account(s) on the confirmed target environment (local dev instance is not an agreed staging/live URL); not yet executed."
"Revenue","REV-006","Delete revenue record","Record deleted and removed from summaries/reports","","Blocked","Blocked — requires per-role test account(s) on the confirmed target environment (local dev instance is not an agreed staging/live URL); not yet executed."
"Revenue","REV-007","Non-admin cannot delete revenue record","HTTP 403 Forbidden; record retained","","Blocked","Blocked — requires per-role test account(s) on the confirmed target environment (local dev instance is not an agreed staging/live URL); not yet executed."
"Messages","MSG-001","Messages page loads","Inbox/sent tabs render correctly","","Blocked","Blocked — this is a visual/rendering/responsiveness check that needs a human in a real browser; an automated agent cannot reliably judge layout/UX."
"Messages","MSG-002","Get recipients list","List of valid recipients (per role visibility rules) returned","","Blocked","Blocked — requires per-role test account(s) on the confirmed target environment (local dev instance is not an agreed staging/live URL); not yet executed."
"Messages","MSG-003","Send a message to a valid recipient","Message is created and appears in recipient's inbox and sender's sent folder","","Blocked","Blocked — requires per-role test account(s) on the confirmed target environment (local dev instance is not an agreed staging/live URL); not yet executed."
"Messages","MSG-004","View inbox","All received messages listed, newest first","","Blocked","Blocked — requires per-role test account(s) on the confirmed target environment (local dev instance is not an agreed staging/live URL); not yet executed."
"Messages","MSG-005","View sent messages","All sent messages listed correctly","","Blocked","Blocked — requires per-role test account(s) on the confirmed target environment (local dev instance is not an agreed staging/live URL); not yet executed."
"Messages","MSG-006","View unread messages / unread count","Correct unread messages and matching count are returned","","Blocked","Blocked — requires per-role test account(s) on the confirmed target environment (local dev instance is not an agreed staging/live URL); not yet executed."
"Messages","MSG-007","View a single message by ID","Full message content returned; message marked as read where applicable","","Blocked","Blocked — requires per-role test account(s) on the confirmed target environment (local dev instance is not an agreed staging/live URL); not yet executed."
"Messages","MSG-008","Mark message as read","Message status changes to read; unread count decreases by 1","","Blocked","Blocked — requires per-role test account(s) on the confirmed target environment (local dev instance is not an agreed staging/live URL); not yet executed."
"Messages","MSG-009","Delete a message","Message removed from the user's view","","Blocked","Blocked — requires per-role test account(s) on the confirmed target environment (local dev instance is not an agreed staging/live URL); not yet executed."
"Messages","MSG-010","Cannot view another user's private message","HTTP 403/404; message content not exposed","","Blocked","Blocked — requires per-role test account(s) on the confirmed target environment (local dev instance is not an agreed staging/live URL); not yet executed."
"Notifications","NOT-001","Notifications page loads","List of notifications renders with read/unread indicators","","Blocked","Blocked — this is a visual/rendering/responsiveness check that needs a human in a real browser; an automated agent cannot reliably judge layout/UX."
"Notifications","NOT-002","View a single notification","Notification detail returned correctly","","Blocked","Blocked — requires per-role test account(s) on the confirmed target environment (local dev instance is not an agreed staging/live URL); not yet executed."
"Notifications","NOT-003","Mark notification as read","Notification marked as read; unread badge count decreases","","Blocked","Blocked — requires per-role test account(s) on the confirmed target environment (local dev instance is not an agreed staging/live URL); not yet executed."
"Notifications","NOT-004","Delete a notification","Notification removed from the list","","Blocked","Blocked — requires per-role test account(s) on the confirmed target environment (local dev instance is not an agreed staging/live URL); not yet executed."
"Notifications","NOT-005","System-triggered notifications are generated","A corresponding notification is created for the correct recipient(s)","","Blocked","Blocked — requires per-role test account(s) on the confirmed target environment (local dev instance is not an agreed staging/live URL); not yet executed."
"Notifications","NOT-006","Cannot access another user's notification","HTTP 403/404; content not exposed","","Blocked","Blocked — requires per-role test account(s) on the confirmed target environment (local dev instance is not an agreed staging/live URL); not yet executed."
"File-Upload","FILE-001","File upload page loads","Upload form and existing file list render correctly","","Blocked","Blocked — this is a visual/rendering/responsiveness check that needs a human in a real browser; an automated agent cannot reliably judge layout/UX."
"File-Upload","FILE-002","Upload a valid file","File uploaded successfully; appears in file list with correct metadata","","Blocked","Blocked — requires per-role test account(s) on the confirmed target environment (local dev instance is not an agreed staging/live URL); not yet executed. Related logic has automated repo test coverage (internal/handlers/file_upload_validation_test.go, internal/services/file_upload_service_test.go); the full automated suite ran 626 passed / 0 failed / 63 skipped on 2026-09-23. That covers code-level logic, not this exact manual/UI scenario."
"File-Upload","FILE-003","Upload rejected for disallowed file type","Upload rejected with an appropriate validation error","","Blocked","Blocked — requires per-role test account(s) on the confirmed target environment (local dev instance is not an agreed staging/live URL); not yet executed. Related logic has automated repo test coverage (internal/handlers/file_upload_validation_test.go, internal/services/file_upload_service_test.go); the full automated suite ran 626 passed / 0 failed / 63 skipped on 2026-09-23. That covers code-level logic, not this exact manual/UI scenario."
"File-Upload","FILE-004","Upload rejected for oversized file","Upload rejected with a clear file-size error","","Blocked","Blocked — requires per-role test account(s) on the confirmed target environment (local dev instance is not an agreed staging/live URL); not yet executed. Related logic has automated repo test coverage (internal/handlers/file_upload_validation_test.go, internal/services/file_upload_service_test.go); the full automated suite ran 626 passed / 0 failed / 63 skipped on 2026-09-23. That covers code-level logic, not this exact manual/UI scenario."
"File-Upload","FILE-005","View/download an uploaded file","File is retrieved/downloaded correctly and matches the original","","Blocked","Blocked — requires per-role test account(s) on the confirmed target environment (local dev instance is not an agreed staging/live URL); not yet executed. Related logic has automated repo test coverage (internal/handlers/file_upload_validation_test.go, internal/services/file_upload_service_test.go); the full automated suite ran 626 passed / 0 failed / 63 skipped on 2026-09-23. That covers code-level logic, not this exact manual/UI scenario."
"File-Upload","FILE-006","Delete an uploaded file","File is removed from storage and the file list","","Blocked","Blocked — requires per-role test account(s) on the confirmed target environment (local dev instance is not an agreed staging/live URL); not yet executed. Related logic has automated repo test coverage (internal/handlers/file_upload_validation_test.go, internal/services/file_upload_service_test.go); the full automated suite ran 626 passed / 0 failed / 63 skipped on 2026-09-23. That covers code-level logic, not this exact manual/UI scenario."
"File-Upload","FILE-007","File reconciliation report","Reconciliation view correctly flags orphaned/missing/mismatched file references","","Blocked","Blocked — requires per-role test account(s) on the confirmed target environment (local dev instance is not an agreed staging/live URL); not yet executed. Related logic has automated repo test coverage (internal/handlers/file_upload_validation_test.go, internal/services/file_upload_service_test.go); the full automated suite ran 626 passed / 0 failed / 63 skipped on 2026-09-23. That covers code-level logic, not this exact manual/UI scenario."
"File-Upload","FILE-008","Access uploaded file belonging to another org/record without permission","HTTP 403/404; file content not exposed","","Blocked","Blocked — requires per-role test account(s) on the confirmed target environment (local dev instance is not an agreed staging/live URL); not yet executed. Related logic has automated repo test coverage (internal/handlers/file_upload_validation_test.go, internal/services/file_upload_service_test.go); the full automated suite ran 626 passed / 0 failed / 63 skipped on 2026-09-23. That covers code-level logic, not this exact manual/UI scenario."
"Reports","RPT-001","Reports page loads","List of available report types renders correctly","","Blocked","Blocked — this is a visual/rendering/responsiveness check that needs a human in a real browser; an automated agent cannot reliably judge layout/UX."
"Reports","RPT-002","Generate a report (default parameters)","Report renders with accurate data matching underlying records","","Blocked","Blocked — requires per-role test account(s) on the confirmed target environment (local dev instance is not an agreed staging/live URL); not yet executed. Related logic has automated repo test coverage (internal/routes/report_blackbox_test.go, report_registry_test.go); the full automated suite ran 626 passed / 0 failed / 63 skipped on 2026-09-23. That covers code-level logic, not this exact manual/UI scenario."
"Reports","RPT-003","Generate a report with custom date range/filters","Report reflects only data within the specified range/filter","","Blocked","Blocked — requires per-role test account(s) on the confirmed target environment (local dev instance is not an agreed staging/live URL); not yet executed. Related logic has automated repo test coverage (internal/routes/report_blackbox_test.go, report_registry_test.go); the full automated suite ran 626 passed / 0 failed / 63 skipped on 2026-09-23. That covers code-level logic, not this exact manual/UI scenario."
"Reports","RPT-004","View report detail page","Detailed breakdown renders correctly with correct totals/subtotals","","Blocked","Blocked — requires per-role test account(s) on the confirmed target environment (local dev instance is not an agreed staging/live URL); not yet executed. Related logic has automated repo test coverage (internal/routes/report_blackbox_test.go, report_registry_test.go); the full automated suite ran 626 passed / 0 failed / 63 skipped on 2026-09-23. That covers code-level logic, not this exact manual/UI scenario."
"Reports","RPT-005","Report API returns correct JSON structure","HTTP 200 with well-formed JSON payload matching documented schema (see docs/swagger.json)","","Blocked","Blocked — requires per-role test account(s) on the confirmed target environment (local dev instance is not an agreed staging/live URL); not yet executed. Related logic has automated repo test coverage (internal/routes/report_blackbox_test.go, report_registry_test.go); the full automated suite ran 626 passed / 0 failed / 63 skipped on 2026-09-23. That covers code-level logic, not this exact manual/UI scenario."
"Reports","RPT-006","Report figures reconcile with source modules","All totals reconcile exactly; no discrepancies","","Blocked","Blocked — requires per-role test account(s) on the confirmed target environment (local dev instance is not an agreed staging/live URL); not yet executed. Related logic has automated repo test coverage (internal/routes/report_blackbox_test.go, report_registry_test.go); the full automated suite ran 626 passed / 0 failed / 63 skipped on 2026-09-23. That covers code-level logic, not this exact manual/UI scenario."
"Reports","RPT-007","Generate report with no matching data","Report renders gracefully with a 'no data' state, not an error","","Blocked","Blocked — requires per-role test account(s) on the confirmed target environment (local dev instance is not an agreed staging/live URL); not yet executed. Related logic has automated repo test coverage (internal/routes/report_blackbox_test.go, report_registry_test.go); the full automated suite ran 626 passed / 0 failed / 63 skipped on 2026-09-23. That covers code-level logic, not this exact manual/UI scenario."
"Reports","RPT-008","Export/print report (if supported)","Exported file (PDF/CSV) matches the on-screen report data","","Blocked","Blocked — requires per-role test account(s) on the confirmed target environment (local dev instance is not an agreed staging/live URL); not yet executed. Related logic has automated repo test coverage (internal/routes/report_blackbox_test.go, report_registry_test.go); the full automated suite ran 626 passed / 0 failed / 63 skipped on 2026-09-23. That covers code-level logic, not this exact manual/UI scenario."
"Reports","RPT-009","Unauthorized role cannot access reports","HTTP 403 Forbidden or redirect; report data not exposed","","Blocked","Blocked — requires per-role test account(s) on the confirmed target environment (local dev instance is not an agreed staging/live URL); not yet executed. Related logic has automated repo test coverage (internal/routes/report_blackbox_test.go, report_registry_test.go); the full automated suite ran 626 passed / 0 failed / 63 skipped on 2026-09-23. That covers code-level logic, not this exact manual/UI scenario."
"Audit-Logs","AUD-001","Audit logs page loads for Admin/Super Admin","Audit log list renders with actor, action, entity and timestamp columns","","Blocked","Blocked — this is a visual/rendering/responsiveness check that needs a human in a real browser; an automated agent cannot reliably judge layout/UX."
"Audit-Logs","AUD-002","List audit logs via API","HTTP 200 with paginated audit log entries","","Blocked","Blocked — covered only by the live-DB integration suite, which is opt-in (PWAMS_FORCE_INTEGRATION=1) and was not run in this pass. Can be run on request."
"Audit-Logs","AUD-003","View single audit log entry","Full entry detail (before/after values where applicable) returned","","Blocked","Blocked — covered only by the live-DB integration suite, which is opt-in (PWAMS_FORCE_INTEGRATION=1) and was not run in this pass. Can be run on request."
"Audit-Logs","AUD-004","Create/Update/Delete actions are logged","Corresponding audit log entries are created accurately for each action with correct actor and timestamp","","Blocked","Blocked — covered only by the live-DB integration suite, which is opt-in (PWAMS_FORCE_INTEGRATION=1) and was not run in this pass. Can be run on request."
"Audit-Logs","AUD-005","Non-admin roles cannot access audit logs","HTTP 403 Forbidden; audit data not exposed","","Blocked","Blocked — covered only by the live-DB integration suite, which is opt-in (PWAMS_FORCE_INTEGRATION=1) and was not run in this pass. Can be run on request."
"Audit-Logs","AUD-006","Audit logs are immutable","No update/delete endpoint exists; audit trail cannot be altered","","Blocked","Blocked — covered only by the live-DB integration suite, which is opt-in (PWAMS_FORCE_INTEGRATION=1) and was not run in this pass. Can be run on request."
"Offline-Sync","SYNC-001","Push local changes to server","Server accepts and applies changes; returns success/conflict status per item","","Blocked","Blocked — requires per-role test account(s) on the confirmed target environment (local dev instance is not an agreed staging/live URL); not yet executed. Related logic has automated repo test coverage (internal/services/sync_service_test.go, internal/repository/sync_pagination_test.go); the full automated suite ran 626 passed / 0 failed / 63 skipped on 2026-09-23. That covers code-level logic, not this exact manual/UI scenario."
"Offline-Sync","SYNC-002","Pull server changes to client","Server returns only the changes made since that point","","Blocked","Blocked — requires per-role test account(s) on the confirmed target environment (local dev instance is not an agreed staging/live URL); not yet executed. Related logic has automated repo test coverage (internal/services/sync_service_test.go, internal/repository/sync_pagination_test.go); the full automated suite ran 626 passed / 0 failed / 63 skipped on 2026-09-23. That covers code-level logic, not this exact manual/UI scenario."
"Offline-Sync","SYNC-003","Conflict handling on push","Conflict is detected and resolved per the defined strategy (e.g. last-write-wins or explicit conflict response), not silently corrupted","","Blocked","Blocked — requires per-role test account(s) on the confirmed target environment (local dev instance is not an agreed staging/live URL); not yet executed. Related logic has automated repo test coverage (internal/services/sync_service_test.go, internal/repository/sync_pagination_test.go); the full automated suite ran 626 passed / 0 failed / 63 skipped on 2026-09-23. That covers code-level logic, not this exact manual/UI scenario."
"Offline-Sync","SYNC-004","Push with malformed payload","Request rejected with a clear validation error; no partial/corrupt data applied","","Blocked","Blocked — requires per-role test account(s) on the confirmed target environment (local dev instance is not an agreed staging/live URL); not yet executed. Related logic has automated repo test coverage (internal/services/sync_service_test.go, internal/repository/sync_pagination_test.go); the full automated suite ran 626 passed / 0 failed / 63 skipped on 2026-09-23. That covers code-level logic, not this exact manual/UI scenario."
"Offline-Sync","SYNC-005","Pull with no new changes","Empty change set returned; no errors","","Blocked","Blocked — requires per-role test account(s) on the confirmed target environment (local dev instance is not an agreed staging/live URL); not yet executed. Related logic has automated repo test coverage (internal/services/sync_service_test.go, internal/repository/sync_pagination_test.go); the full automated suite ran 626 passed / 0 failed / 63 skipped on 2026-09-23. That covers code-level logic, not this exact manual/UI scenario."
"Offline-Sync","SYNC-006","Sync respects role/data-scope permissions","Out-of-scope records are rejected/excluded rather than synced","","Blocked","Blocked — requires per-role test account(s) on the confirmed target environment (local dev instance is not an agreed staging/live URL); not yet executed. Related logic has automated repo test coverage (internal/services/sync_service_test.go, internal/repository/sync_pagination_test.go); the full automated suite ran 626 passed / 0 failed / 63 skipped on 2026-09-23. That covers code-level logic, not this exact manual/UI scenario."
"Security-RBAC","SEC-001","Unauthenticated user redirected from all protected routes","Every protected route redirects to /login or returns HTTP 401","Partial evidence only: GET /dashboard while logged out returned 303 -> /login on the local dev instance. Only this one route was checked; the TC covers ALL protected routes, so this is not yet a full Pass.","Blocked","Partial evidence only: GET /dashboard while logged out returned 303 -> /login on the local dev instance. Only this one route was checked; the TC covers ALL protected routes, so this is not yet a full Pass. Blocked — requires per-role test account(s) on the confirmed target environment (local dev instance is not an agreed staging/live URL); not yet executed. Related logic has automated repo test coverage (internal/middleware/rbac_middleware_test.go, security_test.go, rate_limit_test.go, internal/routes/csp_regression_test.go, rbac_ui_visibility_test.go, internal/services/authz_*_test.go, ownership_test.go, user_superadmin_guard_test.go); the full automated suite ran 626 passed / 0 failed / 63 skipped on 2026-09-23. That covers code-level logic, not this exact manual/UI scenario."
"Security-RBAC","SEC-002","Role-based menu/UI visibility","Only the modules/actions permitted for that role are visible in the UI","","Blocked","Blocked — this is a visual/rendering/responsiveness check that needs a human in a real browser; an automated agent cannot reliably judge layout/UX."
"Security-RBAC","SEC-003","Direct API access bypassing UI restrictions","Server enforces the same role check as the UI; request is rejected with HTTP 403","","Blocked","Blocked — this is a visual/rendering/responsiveness check that needs a human in a real browser; an automated agent cannot reliably judge layout/UX."
"Security-RBAC","SEC-004","Session expiry / idle timeout","User is required to re-authenticate; stale session is rejected","","Blocked","Blocked — requires per-role test account(s) on the confirmed target environment (local dev instance is not an agreed staging/live URL); not yet executed. Related logic has automated repo test coverage (internal/middleware/rbac_middleware_test.go, security_test.go, rate_limit_test.go, internal/routes/csp_regression_test.go, rbac_ui_visibility_test.go, internal/services/authz_*_test.go, ownership_test.go, user_superadmin_guard_test.go); the full automated suite ran 626 passed / 0 failed / 63 skipped on 2026-09-23. That covers code-level logic, not this exact manual/UI scenario."
"Security-RBAC","SEC-005","CSRF protection on state-changing requests","Request is rejected","Partial evidence only: CSRF token issuance confirmed (X-Csrf-Token header + pwams_csrf cookie, SameSite=Strict) on local dev instance. Rejection of a request with a MISSING/invalid CSRF token was not directly exercised, so this TC is not yet a full Pass.","Blocked","Partial evidence only: CSRF token issuance confirmed (X-Csrf-Token header + pwams_csrf cookie, SameSite=Strict) on local dev instance. Rejection of a request with a MISSING/invalid CSRF token was not directly exercised, so this TC is not yet a full Pass. Blocked — requires per-role test account(s) on the confirmed target environment (local dev instance is not an agreed staging/live URL); not yet executed. Related logic has automated repo test coverage (internal/middleware/rbac_middleware_test.go, security_test.go, rate_limit_test.go, internal/routes/csp_regression_test.go, rbac_ui_visibility_test.go, internal/services/authz_*_test.go, ownership_test.go, user_superadmin_guard_test.go); the full automated suite ran 626 passed / 0 failed / 63 skipped on 2026-09-23. That covers code-level logic, not this exact manual/UI scenario."
"Security-RBAC","SEC-006","SQL injection attempt on search/filter fields","Input is safely escaped/parameterized; no data leakage or error stack trace exposed","","Blocked","Blocked — requires per-role test account(s) on the confirmed target environment (local dev instance is not an agreed staging/live URL); not yet executed. Related logic has automated repo test coverage (internal/middleware/rbac_middleware_test.go, security_test.go, rate_limit_test.go, internal/routes/csp_regression_test.go, rbac_ui_visibility_test.go, internal/services/authz_*_test.go, ownership_test.go, user_superadmin_guard_test.go); the full automated suite ran 626 passed / 0 failed / 63 skipped on 2026-09-23. That covers code-level logic, not this exact manual/UI scenario."
"Security-RBAC","SEC-007","XSS attempt on free-text fields","Input is sanitized/escaped on output; script does not execute","","Blocked","Blocked — requires per-role test account(s) on the confirmed target environment (local dev instance is not an agreed staging/live URL); not yet executed. Related logic has automated repo test coverage (internal/middleware/rbac_middleware_test.go, security_test.go, rate_limit_test.go, internal/routes/csp_regression_test.go, rbac_ui_visibility_test.go, internal/services/authz_*_test.go, ownership_test.go, user_superadmin_guard_test.go); the full automated suite ran 626 passed / 0 failed / 63 skipped on 2026-09-23. That covers code-level logic, not this exact manual/UI scenario."
"Security-RBAC","SEC-008","Multi-tenancy / organization data isolation","Request is rejected (403/404); cross-tenant data is never exposed","","Blocked","Blocked — requires per-role test account(s) on the confirmed target environment (local dev instance is not an agreed staging/live URL); not yet executed. Related logic has automated repo test coverage (internal/middleware/rbac_middleware_test.go, security_test.go, rate_limit_test.go, internal/routes/csp_regression_test.go, rbac_ui_visibility_test.go, internal/services/authz_*_test.go, ownership_test.go, user_superadmin_guard_test.go); the full automated suite ran 626 passed / 0 failed / 63 skipped on 2026-09-23. That covers code-level logic, not this exact manual/UI scenario."
"Security-RBAC","SEC-009","Password stored securely","Passwords are stored as salted hashes, never in plain text","","Blocked","Blocked — requires per-role test account(s) on the confirmed target environment (local dev instance is not an agreed staging/live URL); not yet executed. Related logic has automated repo test coverage (internal/middleware/rbac_middleware_test.go, security_test.go, rate_limit_test.go, internal/routes/csp_regression_test.go, rbac_ui_visibility_test.go, internal/services/authz_*_test.go, ownership_test.go, user_superadmin_guard_test.go); the full automated suite ran 626 passed / 0 failed / 63 skipped on 2026-09-23. That covers code-level logic, not this exact manual/UI scenario."
"Localization-i18n","I18N-001","Switch UI language to Sinhala","UI labels render in Sinhala without missing keys or layout breakage","","Blocked","Blocked — this is a visual/rendering/responsiveness check that needs a human in a real browser; an automated agent cannot reliably judge layout/UX."
"Localization-i18n","I18N-002","Switch UI language to Tamil","UI labels render in Tamil without missing keys or layout breakage","","Blocked","Blocked — this is a visual/rendering/responsiveness check that needs a human in a real browser; an automated agent cannot reliably judge layout/UX."
"Localization-i18n","I18N-003","Switch UI language to English","UI labels render in English correctly (default/reference language)","","Blocked","Blocked — this is a visual/rendering/responsiveness check that needs a human in a real browser; an automated agent cannot reliably judge layout/UX."
"Localization-i18n","I18N-004","Language preference persists across sessions","Previously selected language is remembered for the user","","Blocked","Blocked — this is a visual/rendering/responsiveness check that needs a human in a real browser; an automated agent cannot reliably judge layout/UX."
